email,name,password
aiannitti7@is.gd,"Alexandra Iannitti",TWP4hf5j
cjaulme9@bing.com,"Cahra Jaulme",FnVklVgC6r6
cstartin3@flickr.com,"Clem Startin",XYHzJ1S
devinmbutts@gmail.com,"Devin Butts",test
hguerre5@deviantart.com,"Harcourt Guerre",OzcxzD1PGs
hluckham0@google.ru,"Hazel Luckham",X1uZcoIh0dj
htaffley6@columbia.edu,"Holmes Taffley",xowtOQ
ljiroudek8@sitemeter.com,"Laryssa Jiroudek",bXRoLUP
qllorens2@howstuffworks.com,"Quillan Llorens",W6rJuxd
sbowden1@yellowbook.com,"Sonnnie Bowden",SJc4aWSU
tattwool4@biglobe.ne.jp,"Thornie Attwool",Hjt0SoVmuBz
